Year,iso_code3,pij_lndu_grasslands_to_grasslands
2015,LA,0.991051990852914
2016,LA,0.9952739786346049
2017,LA,0.9955535462367204
2018,LA,0.9978664731930494
2019,LA,0.9949415326008433
