iso_code3,Region,Year,nemomod_entc_reserve_margin_tag_technology_pp_gas
LA,louisiana,2015,1.1864820854388178
LA,louisiana,2016,1.10554666441516
LA,louisiana,2017,1.0967724845388493
LA,louisiana,2018,1.0825872947694402
LA,louisiana,2019,1.138646331505308
LA,louisiana,2020,1.1169101524062897
LA,louisiana,2021,1.1080457861173507
LA,louisiana,2022,1.0595089806786766
LA,louisiana,2023,0.9613240024537774
LA,louisiana,2024,0.9522344886023064
