Year,frac_agrc_initial_area_cropland_tubers
2008,0.002741589369396823
2009,0.0020970597537817966
2010,0.0020327829710641643
2011,0.0015638222414683706
2012,0.00150470905136297
2013,0.0009860566625791386
2014,0.0011508901816776442
2015,0.0014593216463864758
2016,0.0016660643235519505
2017,0.001992665278192252
2018,0.0014383328043462602
2019,0.0014003346878511365
2020,0.001454502538960533
2021,0.0015045390246247235
2022,0.0011840622863359257
2023,0.0007207725015225307
