Year,iso_code3,pij_lndu_wetlands_to_forests_secondary
2015,LA,0.00025231399240275003
2016,LA,0.00028778550486857
2017,LA,0.00038328960524225105
2018,LA,0.00012867828536454516
2019,LA,0.00026275541737853965
