"Year","Region","iso_code3","yf_agrc_cereals_tonne_ha"
2011,"louisiana","LA",4.60363333333333
2012,"louisiana","LA",4.46342222222222
2013,"louisiana","LA",4.86364444444444
2014,"louisiana","LA",5.01174444444445
2015,"louisiana","LA",5.67473333333333
2016,"louisiana","LA",5.39886666666667
2017,"louisiana","LA",5.37312222222222
2018,"louisiana","LA",5.25792222222222
2019,"louisiana","LA",5.6105
