Year,iso_code3,pij_lndu_wetlands_to_grasslands
2015,LA,6.36584791452889e-05
2016,LA,0.0
2017,LA,0.00012780018874246915
2018,LA,0.000127163505397249
2019,LA,7.965598466035447e-05
