Year,frac_agrc_initial_area_cropland_pulses
2008,4.640030799772011e-05
2009,3.5950749896288145e-05
2010,0.00011916389364633424
2011,0.00011534606326502622
2012,2.2932259868368828e-05
2013,6.542972287877607e-05
2014,5.674482334942126e-05
2015,0.00011769063140391002
2016,4.4548292859222375e-05
2017,6.862654370730987e-06
2018,7.45217891124704e-05
2019,5.794488363521944e-05
2020,6.261252800108829e-05
2021,7.782493052980466e-05
2022,8.742637960672431e-05
2023,9.972807324436941e-05
