Year,iso_code3,pij_lndu_croplands_to_grasslands
2015,LA,0.001254649921303472
2016,LA,0.0004827877237117707
2017,LA,0.0003225884739918157
2018,LA,0.0001624737914412036
2019,LA,0.0005550735882857267
