Year,iso_code3,frac_lndu_proportion_grasslands_pasture
2015,LA,0.3352524748112681
2016,LA,0.3352524748112681
2017,LA,0.3352524748112681
2018,LA,0.3352524748112681
2019,LA,0.3352524748112681
