Year,iso_code3,pij_lndu_croplands_to_wetlands
2015,LA,0.0006901345278733683
2016,LA,0.00015629253941548487
2017,LA,0.00015831485165124275
2018,LA,0.00019987434802431762
2019,LA,0.0003008552084379755
