Year,iso_code3,frac_lndu_initial_croplands
2015,LA,0.16584319940337466
2016,LA,0.16584319940337466
2017,LA,0.16584319940337466
2018,LA,0.16584319940337466
2019,LA,0.16584319940337466
