"iso_code3","frac_waso_landfill_gas_recovered","Year"
"LA",0.996898594747247,2010
"LA",0.996898594747247,2011
"LA",0.996898594747247,2012
"LA",0.996898594747247,2013
"LA",0.996898594747247,2014
"LA",0.996898594747247,2015
"LA",0.996898594747247,2016
"LA",0.996898594747247,2017
"LA",0.996898594747247,2018
"LA",0.996898594747247,2019
"LA",0.996898594747247,2020
