,Year,frac_trns_pkm_dem_regional_aviation,iso_code3,Region
0,2011,0.12094510173191532,LA,louisiana
1,2012,0.1200468761313606,LA,louisiana
2,2013,0.12087869868523272,LA,louisiana
3,2014,0.12333187786268437,LA,louisiana
4,2015,0.12610648871202235,LA,louisiana
5,2016,0.12920703039700884,LA,louisiana
6,2017,0.1320505383599763,LA,louisiana
7,2018,0.13648196211233887,LA,louisiana
8,2019,0.14107134461519363,LA,louisiana
9,2020,0.07201798298870808,LA,louisiana
10,2021,0.11898212723387151,LA,louisiana
