Year,iso_code3,frac_lndu_initial_wetlands
2015,LA,0.16765281669673557
2016,LA,0.16765281669673557
2017,LA,0.16765281669673557
2018,LA,0.16765281669673557
2019,LA,0.16765281669673557
