"iso_code3","Region","Year","frac_wali_ww_domestic_rural_treatment_path_untreated_no_sewerage"
"LA","louisiana",2011,0.227450783162807
"LA","louisiana",2012,0.227450783162807
"LA","louisiana",2013,0.227450783162807
"LA","louisiana",2014,0.227450783162807
"LA","louisiana",2015,0.227450783162807
"LA","louisiana",2016,0.227450783162807
"LA","louisiana",2017,0.227450783162807
"LA","louisiana",2018,0.227450783162807
"LA","louisiana",2019,0.227450783162807
"LA","louisiana",2020,0.227450783162807
