"Year","Region","iso_code3","frac_lvst_mm_chickens_liquid_slurry"
2015,"louisiana","LA",0.0966666666666667
2016,"louisiana","LA",0.0966666666666667
2017,"louisiana","LA",0.0966666666666667
2018,"louisiana","LA",0.0966666666666667
2019,"louisiana","LA",0.0966666666666667
2020,"louisiana","LA",0.0966666666666667
