,Region,iso_code3,Year,deminit_trde_regional_per_capita_passenger_km
100,louisiana,LA,2010,2656611.7547464343
101,louisiana,LA,2011,2674585.5376949026
102,louisiana,LA,2012,2700923.8418766083
103,louisiana,LA,2013,2712347.3678483535
104,louisiana,LA,2014,2713505.6319588493
105,louisiana,LA,2015,2797952.5448041894
106,louisiana,LA,2016,2841989.537487534
107,louisiana,LA,2017,2853215.1186432512
