Year,iso_code3,pij_lndu_wetlands_to_wetlands
2015,LA,0.9878383711730633
2016,LA,0.9965752502486598
2017,LA,0.9956308492468467
2018,LA,0.997082310194303
2019,LA,0.9942872041278779
