Year,iso_code3,pij_lndu_other_to_other
2015,LA,0.4504309392265193
2016,LA,1.0
2017,LA,1.0
2018,LA,1.0
2019,LA,0.4504309392265193
