Year,iso_code3,frac_lndu_initial_grasslands
2015,LA,0.1866812167208638
2016,LA,0.1866812167208638
2017,LA,0.1866812167208638
2018,LA,0.1866812167208638
2019,LA,0.1866812167208638
