Year,iso_code3,pij_lndu_forests_mangroves_to_grasslands
2015,LA,0.0
2016,LA,0.0001713619261732017
2017,LA,0.0
2018,LA,0.0
2019,LA,4.284013873350981e-05
