Year,iso_code3,pij_lndu_grasslands_to_wetlands
2015,LA,0.0002881339189936489
2016,LA,0.0004466271783788637
2017,LA,0.00017840532347358163
2018,LA,0.00017596076637114917
2019,LA,0.00027201102772064095
