Year,iso_code3,pij_lndu_wetlands_to_croplands
2015,LA,6.236536220477112e-05
2016,LA,3.243281208347373e-05
2017,LA,0.0002550101337947378
2018,LA,3.1450438040775146e-05
2019,LA,9.531521463101225e-05
