Year,iso_code3,frac_lndu_initial_settlements
2015,LA,0.030335766263249964
2016,LA,0.030335766263249964
2017,LA,0.030335766263249964
2018,LA,0.030335766263249964
2019,LA,0.030335766263249964
