"Year","Region","iso_code3","frac_lvst_mm_chickens_solid_storage"
2015,"louisiana","LA",0.233333333333333
2016,"louisiana","LA",0.233333333333333
2017,"louisiana","LA",0.233333333333333
2018,"louisiana","LA",0.233333333333333
2019,"louisiana","LA",0.233333333333333
2020,"louisiana","LA",0.233333333333333
