Year,frac_agrc_initial_area_cropland_nuts
2008,0.00114182379545741
2009,0.0009112909187193939
2010,0.0006338644544600421
2011,0.0010115130198231695
2012,0.0008895070798942294
2013,0.0005658134089214965
2014,0.0012394033424234596
2015,0.0022093357776988487
2016,0.0030790608801571444
2017,0.013159867613158412
2018,0.013451701888764087
2019,0.0050984759821826224
2020,0.005559226721765691
2021,0.005295757625698708
2022,0.004161172722231398
2023,0.004668245655928429
