Year,iso_code3,pij_lndu_croplands_to_croplands
2015,LA,0.9836440848609167
2016,LA,0.995619337377961
2017,LA,0.9956573106914275
2018,LA,0.9965428229398539
2019,LA,0.9928729686936764
