iso_code3,Region,Year,frac_trns_fuelmix_road_light_electricity
LA,louisiana,2008,0.0
LA,louisiana,2009,0.0
LA,louisiana,2010,0.0
LA,louisiana,2011,0.0
LA,louisiana,2012,0.0
LA,louisiana,2013,0.0
LA,louisiana,2014,0.0001939989653388
LA,louisiana,2015,0.0002244135545786
LA,louisiana,2016,0.0003037784873124
LA,louisiana,2017,0.000431209084138
LA,louisiana,2018,0.0006327445293962
LA,louisiana,2019,0.0009266123054114
