Year,iso_code3,pij_lndu_grasslands_to_croplands
2015,LA,0.0008531616774898137
2016,LA,0.0006264476940300405
2017,LA,0.0007162409244991135
2018,LA,8.868884627250463e-05
2019,LA,0.0005705668238348575
