Year,iso_code3,pij_lndu_forests_mangroves_to_croplands
2015,LA,0.0
2016,LA,0.0
2017,LA,0.0
2018,LA,5.452495863670469e-05
2019,LA,1.3644768531471239e-05
