Year,iso_code3,pij_lndu_other_to_forests_mangroves
2015,LA,0.5495690607734808
2016,LA,0.0
2017,LA,0.0
2018,LA,0.0
2019,LA,0.5495690607734808
